window_start,bodyweight_lb,bw_rate_lb_wk,total_at_start,lift_sessions_wk,sets_wk_incl_warmups,working_sets_wk,working_reps_wk,hard_sets_wk_90pct,near_max_sets_wk_95pct,avg_reps_per_working_set,climb_sessions_wk,gain_14wk_from_start,gain_14wk_after_window
2016-06-13,166.64,0.13,878.33,3.62,29.75,10.75,52.62,5.12,3.0,4.9,,-22.0,-16.67
2016-06-27,166.78,-0.2,874.0,3.62,34.0,8.5,33.62,4.38,3.0,3.96,,-21.0,-9.5
2016-07-11,166.67,0.1,858.0,3.75,37.62,8.5,35.0,4.12,3.0,4.12,,-7.33,9.5
2016-07-25,168.1,0.39,858.0,4.0,37.62,9.12,35.62,4.62,3.25,3.9,,3.67,6.67
2016-08-08,166.66,0.58,853.0,4.0,35.25,9.12,36.5,4.62,3.38,4.0,,11.5,5.67
2016-08-22,167.8,0.35,853.0,3.88,33.12,7.88,32.25,4.25,3.25,4.1,,14.5,18.33
2016-09-05,169.8,0.5,850.67,3.88,30.5,8.5,30.38,4.62,3.5,3.57,,14.0,28.33
2016-09-19,171.68,0.85,865.83,3.75,26.88,11.0,58.5,6.25,3.38,5.32,,-7.17,13.17
2016-10-03,173.03,0.56,864.5,3.5,23.25,11.5,59.88,7.62,4.12,5.21,,6.83,14.5
2016-10-17,172.85,0.79,867.5,3.5,20.0,12.5,61.38,8.25,4.62,4.91,,11.5,-28.83
2016-10-31,174.35,0.26,858.67,2.88,14.88,10.25,54.75,7.0,3.75,5.34,,20.33,-26.5
2016-11-14,175.52,0.1,871.33,2.38,11.38,6.38,23.25,4.5,3.25,3.65,,7.67,-25.5
2016-11-28,177.77,0.42,884.17,2.0,10.25,4.75,18.12,2.38,1.75,3.82,,-45.5,2.5
2016-12-12,178.32,0.66,879.0,1.5,9.12,5.62,25.75,3.0,2.0,4.58,,-46.83,24.83
2016-12-26,179.08,0.92,879.0,1.75,10.38,8.38,39.5,6.0,4.62,4.72,,-33.17,24.83
2017-01-09,180.13,0.43,853.33,2.12,10.62,9.88,48.25,8.12,6.62,4.89,,33.33,45.13
2017-01-23,179.88,-0.3,838.67,2.5,11.88,11.75,53.25,10.62,8.62,4.53,,65.17,20.83
2017-02-06,180.57,-0.88,829.83,2.62,12.75,10.0,44.62,9.75,7.62,4.46,,74.0,32.0
2017-02-20,178.78,-0.93,875.0,2.88,15.5,8.75,37.25,7.75,5.25,4.26,,23.47,-14.83
2017-03-06,176.98,-1.3,892.5,2.5,16.62,7.25,28.62,5.88,3.62,3.95,,-33.0,-46.33
2017-03-20,173.7,-1.05,903.83,2.5,19.5,7.12,27.62,4.62,2.12,3.88,,-42.0,-64.0
2017-04-03,171.87,-1.18,898.47,2.75,20.75,8.38,33.38,5.38,3.12,3.99,,-38.3,-21.97
2017-04-17,168.35,-0.92,878.67,2.5,20.25,8.75,32.12,5.75,3.75,3.67,,-32.5,35.17
2017-05-01,168.47,-0.38,861.83,3.25,30.5,15.5,62.25,6.12,3.88,4.02,,-22.0,52.0
2017-05-15,169.42,0.17,860.17,3.75,37.25,20.38,86.25,7.12,4.5,4.23,,16.33,55.83
2017-05-29,168.45,0.34,855.33,4.25,45.75,25.5,107.12,7.5,4.38,4.2,,58.5,51.67
2017-06-12,168.36,0.69,835.83,4.88,54.5,32.62,140.12,8.88,4.38,4.3,,78.0,71.17
2017-06-26,169.7,0.57,845.83,4.62,50.5,32.25,133.5,10.25,4.5,4.14,,70.17,55.17
2017-07-10,169.45,0.19,910.83,4.0,45.0,28.25,116.0,8.75,3.75,4.11,,-3.83,13.83
2017-07-24,169.54,-0.14,913.83,3.75,43.38,27.5,111.5,8.0,3.38,4.05,,-6.83,22.17
2017-08-07,170.9,-0.07,916.0,3.5,39.25,25.75,103.62,7.62,3.38,4.02,,-15.0,49.17
2017-08-21,173.07,0.13,904.0,3.62,40.12,27.0,109.12,7.88,3.88,4.04,,20.67,72.5
2017-09-04,173.82,0.64,907.0,4.38,45.38,33.38,133.0,11.12,4.88,3.99,,29.0,69.5
2017-09-18,173.65,0.69,901.5,4.75,48.75,38.5,152.38,15.12,6.38,3.96,,63.67,79.0
2017-10-02,176.53,1.03,922.17,4.88,52.38,37.62,146.12,15.5,6.62,3.88,,54.33,55.17
2017-10-16,177.3,0.57,930.0,5.0,54.0,35.62,137.5,14.62,6.12,3.86,,46.5,42.67
2017-10-30,178.22,0.79,959.67,4.88,51.88,31.12,119.62,11.75,5.5,3.84,,20.83,13.0
2017-11-13,180.3,0.28,976.5,4.5,44.25,26.0,99.38,8.88,4.5,3.82,,0.83,-17.67
2017-11-27,181.61,0.27,976.5,4.0,36.75,23.0,90.88,7.38,3.62,3.95,,-3.83,-13.17
2017-12-11,181.2,0.67,976.5,3.5,29.25,17.62,70.12,6.75,3.0,3.98,,-3.83,-13.17
2017-12-25,185.4,0.45,971.33,3.25,25.38,14.62,57.12,7.38,3.5,3.91,,-12.5,-12.17
2018-01-08,183.58,-0.03,972.67,2.62,20.5,8.75,34.0,5.75,2.88,3.89,,-9.33,-32.33
2018-01-22,182.9,0.18,972.67,2.88,20.0,7.38,23.25,6.12,3.0,3.15,,-9.33,-36.83
2018-02-05,183.2,-0.6,970.0,2.88,23.5,11.0,35.12,6.25,2.88,3.19,,-10.83,-63.5
2018-02-19,180.55,-1.19,963.33,2.62,20.5,10.0,31.62,4.75,1.62,3.16,,-23.0,-40.33
2018-03-05,178.5,-0.77,963.33,2.75,20.62,11.38,36.12,4.75,1.5,3.18,,-27.5,-44.83
2018-03-19,177.5,-0.92,963.33,2.75,22.38,13.38,43.38,4.38,1.62,3.24,,-56.83,-43.83
2018-04-02,175.3,-0.22,939.83,2.88,20.62,13.38,47.62,5.38,2.62,3.56,,-16.83,-9.33
2018-04-16,174.98,0.34,930.0,3.0,25.0,16.25,61.88,7.12,3.0,3.81,,-11.5,6.0
2018-04-30,176.3,0.38,924.33,3.62,32.38,22.0,85.62,9.75,3.75,3.89,,-4.83,11.67
2018-05-14,174.85,0.51,912.0,3.88,37.62,26.62,106.88,11.88,4.25,4.01,,18.5,18.33
2018-05-28,176.92,0.23,923.0,4.25,42.88,31.25,123.25,13.5,4.12,3.94,,13.0,-10.33
2018-06-11,177.08,0.08,924.0,4.62,45.25,32.12,126.75,13.12,4.25,3.95,,12.0,-65.5
2018-06-25,177.5,0.12,930.5,4.38,42.75,25.12,103.38,10.75,3.88,4.11,,-0.17,-60.5
2018-07-09,176.3,0.02,936.0,4.12,37.0,16.75,71.88,7.5,3.12,4.29,,-23.33,-70.0
2018-07-23,176.37,-0.32,936.0,3.75,32.5,8.25,43.75,4.38,3.0,5.3,,-77.5,1.83
2018-08-06,176.3,0.28,930.33,3.62,30.0,4.5,27.5,3.5,3.0,6.11,,-60.33,12.33
2018-08-20,176.7,-0.28,916.0,3.75,30.0,4.88,28.88,3.75,3.12,5.92,,-50.0,26.67
2018-09-03,174.83,-0.31,858.5,4.12,31.62,6.25,38.0,4.38,3.62,6.08,,79.33,89.5
2018-09-17,175.47,-0.19,870.0,4.25,34.12,8.62,40.12,4.62,3.62,4.65,,72.67,74.5
2018-10-01,174.95,-0.39,866.0,3.88,30.25,8.12,39.75,4.12,3.38,4.89,,76.67,78.5
2018-10-15,173.8,-0.3,937.83,3.88,30.0,10.0,41.0,4.12,3.38,4.1,,10.17,2.83
2018-10-29,175.17,0.66,936.67,3.62,29.75,9.88,38.88,4.0,3.12,3.94,,7.83,5.83
2018-11-12,175.05,0.46,942.67,3.12,23.88,8.25,33.12,3.75,2.38,4.02,,1.83,2.33
2018-11-26,175.1,0.38,940.83,3.5,28.38,9.75,37.75,4.38,2.88,3.87,,-0.17,-11.17
2018-12-10,176.63,-0.06,948.0,2.88,26.25,10.12,36.88,4.5,2.5,3.64,,-5.5,-28.67
2018-12-24,177.65,0.24,944.5,2.5,25.62,9.5,36.25,4.62,2.88,3.82,,0.5,-49.17
2019-01-07,177.8,-0.15,946.17,2.75,27.25,8.62,36.25,4.12,2.88,4.2,,-16.5,-47.67
2019-01-21,176.98,-0.06,940.67,2.75,26.75,8.12,37.38,4.5,2.75,4.6,,-21.33,-42.17
2019-02-04,176.4,0.15,942.5,3.25,29.25,6.25,36.12,4.0,2.75,5.78,,-47.17,-40.67
2019-02-18,177.13,0.22,929.67,3.5,29.5,6.88,36.25,4.12,2.38,5.27,,-31.17,23.0
2019-03-04,177.0,0.12,929.67,3.75,30.62,6.75,34.25,4.0,2.38,5.07,,-31.17,23.0
2019-03-18,177.4,0.1,919.33,3.88,34.25,7.38,34.25,4.0,2.75,4.64,,-17.5,33.33
2019-04-01,178.05,0.14,884.83,3.75,32.75,6.75,30.25,3.75,2.88,4.48,,67.83,56.67
2019-04-15,177.04,-0.24,898.5,3.62,30.0,6.12,27.38,3.5,3.0,4.47,,54.17,43.0
2019-04-29,175.9,-0.38,898.5,3.25,26.88,6.62,29.75,3.75,3.25,4.49,,54.17,28.33
2019-05-13,175.87,-0.78,952.67,2.38,17.0,4.75,21.62,2.62,2.38,4.55,,-11.17,-31.83
2019-05-27,173.77,-0.64,952.67,2.38,15.62,6.62,25.75,3.0,1.88,3.89,,-11.17,-31.83
2019-06-10,173.32,-0.53,952.67,2.62,15.5,7.38,26.25,3.0,1.75,3.56,,-25.83,-114.5
2019-06-24,171.2,-0.85,941.5,2.12,11.88,5.88,21.0,2.38,1.25,3.57,,-20.67,-65.17
2019-07-08,169.28,-0.4,941.5,2.0,12.88,6.25,19.88,2.5,1.12,3.18,,-20.67,-61.4
2019-07-22,169.7,-0.48,912.0,2.12,15.12,6.12,23.88,2.12,1.25,3.9,,-73.83,-32.33
2019-08-05,168.75,-0.31,920.83,2.0,16.12,7.88,30.75,2.38,1.25,3.9,,-44.5,-46.67
2019-08-19,167.6,0.0,920.83,2.88,22.25,11.75,42.0,4.12,2.12,3.57,,-40.73,-55.5
2019-09-02,167.15,-0.06,920.83,3.25,24.88,13.88,51.12,5.12,2.62,3.68,,-41.17,-59.5
2019-09-16,167.2,-0.25,863.67,2.62,20.12,12.12,41.62,5.25,3.0,3.43,,10.5,
2019-09-30,166.15,-0.16,876.33,1.88,15.0,8.75,27.75,4.5,2.62,3.17,,-11.0,-159.67
2023-04-10,162.2,0.34,811.33,3.88,31.25,10.5,56.75,5.62,4.0,5.4,,31.67,63.83
2023-04-24,161.24,0.73,816.67,3.5,28.38,11.0,56.25,5.75,3.88,5.11,,57.83,62.17
2023-05-08,164.09,0.35,821.33,3.62,29.75,11.0,59.25,5.75,4.38,5.39,,53.83,54.67
2023-05-22,164.86,0.03,842.17,3.5,26.12,10.0,54.62,5.12,4.12,5.46,,33.0,49.67
2023-06-05,166.24,0.63,874.5,3.62,26.88,11.25,52.88,5.62,4.5,4.7,,4.33,19.5
2023-06-19,168.12,0.88,874.5,4.0,30.38,12.38,59.62,6.75,5.12,4.82,,1.5,54.83
2023-07-03,167.57,0.84,875.17,3.75,26.5,11.5,49.0,6.38,4.5,4.26,,16.67,60.5
2023-07-17,170.08,1.04,878.83,3.88,29.5,12.75,55.25,7.5,5.0,4.33,,15.17,53.5
2023-07-31,172.6,0.57,878.83,3.75,28.0,11.88,54.88,7.5,4.75,4.62,,50.5,46.5
2023-08-14,172.7,0.52,891.83,3.62,29.0,12.0,54.62,7.12,4.12,4.55,,43.83,20.5
2023-08-28,172.8,0.31,888.17,3.75,33.0,13.38,67.75,7.25,4.38,5.07,,44.17,39.33
2023-09-11,174.15,-0.38,929.33,3.88,33.88,14.0,72.62,6.88,4.25,5.19,,-4.0,28.17
2023-09-25,174.03,-0.18,935.67,3.88,34.38,14.38,72.0,7.0,4.0,5.01,,-23.33,37.67
2023-10-09,174.07,0.25,935.67,3.88,34.5,14.38,74.75,6.88,4.25,5.2,,-8.17,46.67
2023-10-23,174.94,0.17,925.33,3.62,34.62,14.62,74.5,8.0,4.62,5.09,,32.17,57.0
2023-11-06,174.27,0.22,925.33,3.62,34.75,14.25,69.25,8.25,5.38,4.86,,48.0,60.33
2023-11-20,174.42,0.31,912.33,3.75,36.62,15.0,76.5,8.62,5.75,5.1,,70.0,73.17
2023-12-04,176.68,0.1,947.33,3.75,36.0,15.5,79.0,8.88,6.12,5.1,,35.0,51.67
2023-12-18,175.71,0.36,969.0,3.88,33.38,14.62,73.75,8.12,5.5,5.04,,16.67,38.5
2024-01-01,177.02,0.34,973.33,3.88,33.75,14.25,71.62,7.62,4.75,5.03,,12.17,34.17
2024-01-15,177.58,0.26,982.33,3.62,32.75,13.62,70.75,7.12,4.75,5.19,,16.67,28.5
2024-01-29,175.66,0.05,982.33,3.38,29.25,12.0,57.88,6.12,3.88,4.82,,25.17,16.67
2024-02-12,177.14,-0.13,986.0,3.62,31.88,13.12,64.0,5.88,3.38,4.88,,21.5,15.33
2024-02-26,176.31,-0.64,993.83,3.5,30.38,12.88,63.62,5.88,3.38,4.94,,17.0,27.17
2024-03-11,177.35,-0.55,1007.5,3.75,31.88,13.5,62.25,6.25,3.75,4.61,,-8.5,28.0
2024-03-25,175.38,0.17,1007.5,4.62,42.0,19.62,91.75,9.75,4.75,4.68,,-6.17,34.0
2024-04-08,176.11,0.02,1010.83,4.62,44.62,23.25,105.38,11.75,6.12,4.53,,10.17,22.17
2024-04-22,176.8,1.05,987.5,5.12,52.0,28.88,127.5,15.38,8.0,4.42,,48.0,39.67
2024-05-06,179.2,0.85,1000.17,4.88,52.25,30.12,130.12,15.62,7.25,4.32,,41.33,-8.0
2024-05-20,178.89,0.65,1015.83,4.38,46.38,25.12,105.5,12.5,6.5,4.2,,17.17,-24.5
2024-06-03,180.76,0.31,1030.33,4.12,42.0,20.88,84.62,10.25,5.25,4.05,,-3.17,-54.33
2024-06-17,180.07,-0.22,1035.5,3.12,30.75,13.75,54.5,5.62,2.62,3.96,,-43.33,-74.5
2024-07-01,180.14,-0.52,1041.5,3.38,29.75,12.12,48.5,4.62,2.12,4.0,,-50.17,-81.5
2024-07-15,178.15,-0.73,1033.0,3.25,26.62,10.12,40.62,3.88,1.5,4.01,,-57.0,-79.83
2024-07-29,177.0,-0.97,1005.33,3.38,27.25,9.88,40.88,4.12,1.88,4.14,,-44.33,-61.83
2024-08-12,175.22,-0.75,992.17,3.88,31.25,11.12,48.75,4.75,2.38,4.38,,-32.17,-46.83
2024-08-26,174.09,-0.97,989.0,3.62,27.88,10.12,43.88,4.38,2.38,4.33,,-35.83,-41.67
2024-09-09,172.21,-0.33,961.0,3.62,29.88,12.5,55.5,5.88,3.62,4.44,1.62,-17.5,-14.17
2024-09-23,172.15,-0.1,961.17,3.38,28.25,12.5,57.25,6.0,4.0,4.58,2.25,-15.83,-26.17
2024-10-07,170.94,-0.02,953.17,3.5,29.88,13.88,58.75,6.62,4.25,4.23,2.75,-5.83,-38.17
2024-10-21,170.25,0.07,941.5,3.62,36.62,16.62,71.38,7.12,4.0,4.29,3.25,5.33,-25.17
2024-11-04,169.92,-0.16,945.33,3.62,41.38,19.88,92.12,9.62,3.0,4.64,3.0,-10.33,-15.83
2024-11-18,170.95,-0.34,947.33,3.88,50.0,27.0,124.88,15.75,7.25,4.62,2.62,-32.33,24.17
2024-12-02,170.58,-0.11,947.33,3.5,50.12,29.5,135.12,19.88,11.0,4.58,2.38,-31.0,55.67
2024-12-16,169.21,-0.28,944.83,3.5,50.38,32.5,146.5,25.75,17.62,4.51,2.12,-15.33,58.17
2024-12-30,170.45,0.25,916.0,3.88,49.5,31.38,141.12,25.12,19.62,4.5,2.12,55.5,87.33
2025-01-13,171.64,0.44,915.0,3.88,45.0,26.25,121.38,20.88,16.38,4.62,2.12,88.0,95.17
2025-01-27,171.58,0.47,922.83,4.38,44.25,23.75,115.88,17.5,12.88,4.88,2.12,80.17,77.0
2025-02-10,172.18,0.5,948.5,4.0,37.12,18.0,100.88,11.12,6.62,5.6,1.88,54.83,49.67
2025-02-24,174.18,0.1,1000.17,4.25,36.5,15.75,91.88,8.75,5.5,5.83,1.62,10.0,-13.67
2025-03-10,175.34,0.15,1003.0,4.38,32.88,13.5,77.75,6.75,4.0,5.76,1.62,-3.17,-15.5
2025-03-24,177.19,0.79,1009.5,4.5,34.0,13.25,82.62,7.0,4.12,6.24,1.88,-11.33,-23.0
2025-04-07,178.32,1.17,1003.33,4.88,36.62,12.5,88.88,6.75,4.38,7.11,2.0,-16.83,-16.83
2025-04-21,180.71,1.11,1005.33,4.38,38.25,13.12,97.62,7.0,4.12,7.44,2.62,-17.83,-19.5
2025-05-05,181.42,0.58,998.17,3.88,39.38,12.75,103.38,7.0,4.0,8.11,2.38,-11.67,-69.67
2025-05-19,182.12,0.18,998.17,3.62,41.5,12.75,101.0,5.38,2.88,7.92,2.12,-11.67,-66.33
2025-06-02,183.39,-0.12,987.5,3.75,43.88,11.62,80.75,4.62,1.88,6.95,2.12,-1.67,-55.67
2025-06-16,184.54,-0.49,986.5,3.88,44.0,9.62,65.0,3.88,1.5,6.75,1.62,-58.0,-52.17
2025-06-30,182.85,-0.05,986.5,4.38,45.62,9.25,56.88,3.38,1.75,6.15,1.88,-54.67,-22.83
2025-07-14,182.04,0.06,985.83,4.25,44.38,7.75,51.38,3.38,2.38,6.63,1.88,-54.0,-16.17
2025-07-28,182.26,-0.11,928.5,4.0,43.88,8.0,54.62,3.88,3.12,6.83,1.62,5.83,49.83
2025-08-11,182.74,-0.0,931.83,3.88,40.5,8.38,46.25,4.38,3.62,5.52,1.75,31.83,41.33
2025-08-25,182.76,0.13,931.83,3.62,41.25,8.38,47.38,4.62,3.75,5.66,1.75,37.83,27.83
2025-09-08,179.91,0.13,931.83,3.62,40.5,9.0,42.25,4.75,3.88,4.69,1.75,46.5,34.17
2025-09-22,180.47,-0.43,950.67,3.75,39.62,9.62,43.25,5.12,3.62,4.49,2.12,22.5,41.33
2025-10-06,179.85,-0.59,963.67,3.38,38.12,8.25,41.38,4.12,3.0,5.02,2.0,-4.0,28.33
2025-10-20,179.49,-0.41,978.33,3.38,37.12,8.88,41.12,4.38,3.0,4.63,2.12,-12.33,3.67
2025-11-03,179.2,-0.28,973.17,3.38,35.12,8.12,40.0,4.12,2.62,4.92,2.12,18.83,-110.5
2025-11-17,177.11,-0.24,973.17,3.12,33.5,7.38,36.88,3.38,2.25,5.0,1.88,18.83,-73.67
2025-12-01,176.67,-0.18,962.17,3.5,34.5,8.0,40.38,3.5,2.12,5.05,1.88,19.83,-58.0
2025-12-15,176.71,-0.34,966.0,3.25,31.25,6.88,34.5,2.88,1.75,5.02,1.5,-103.33,-46.33
2025-12-29,175.46,-0.45,992.0,3.12,31.0,8.62,35.38,4.62,2.62,4.1,1.38,-92.5,-67.17
2026-01-12,175.11,-0.24,982.0,3.25,30.62,11.38,39.62,7.25,4.38,3.48,1.5,-77.83,-49.33
2026-01-26,175.76,-0.25,967.5,3.12,31.38,14.5,45.0,10.12,6.5,3.1,1.75,-47.83,-34.83
2026-02-09,173.89,0.16,894.5,3.25,32.62,16.25,48.25,11.25,7.38,2.97,1.88,30.33,17.5
2026-02-23,174.71,0.2,899.5,3.25,31.0,15.75,44.38,10.5,7.12,2.82,2.0,33.17,-10.83
2026-03-09,173.73,-0.14,914.5,3.12,29.12,14.0,40.5,9.0,5.62,2.89,1.75,18.17,-15.5
2026-03-23,174.21,0.18,924.83,3.0,26.38,12.5,35.75,7.75,3.75,2.86,1.38,-12.83,-25.83
2026-04-06,174.6,-0.24,924.83,3.0,26.12,12.25,35.5,7.5,3.0,2.9,1.38,-36.17,-25.83
2026-04-20,172.81,-0.47,932.67,3.12,29.75,13.12,38.25,7.75,3.12,2.91,1.25,-33.67,-28.5
2026-05-04,172.54,-0.62,906.83,3.12,29.38,13.5,36.0,7.88,3.5,2.67,1.62,-7.83,-2.67
2026-05-18,171.75,-0.92,912.0,3.25,30.38,13.62,35.25,7.12,3.38,2.59,2.0,-13.0,-13.0
2026-06-01,170.75,-0.49,888.67,3.38,30.62,14.0,35.62,6.88,3.5,2.54,2.25,15.5,0.0
2026-06-15,169.32,-0.44,899.0,3.5,27.25,11.75,31.0,5.75,2.38,2.64,2.38,5.17,-10.33
2026-06-29,167.22,-0.43,899.0,3.62,28.88,12.5,33.62,5.88,2.38,2.69,2.25,-0.0,
2026-07-13,166.31,-0.5,904.17,3.38,26.62,11.0,29.12,5.12,2.25,2.65,2.0,-15.5,
2026-07-27,165.22,-0.7,904.17,3.25,26.5,11.12,30.25,5.25,2.0,2.72,1.88,-15.5,
