week_start,lift_sessions,sets_incl_warmups,working_sets,near_max_sets,avg_reps_working,light_week,hard_weeks_streak,bodyweight_7d,climb_sessions
2014-01-13,1.0,3.0,3.0,1.0,4.0,False,0,,
2014-01-20,0.0,0.0,0.0,0.0,,False,0,,
2014-01-27,1.0,4.0,3.0,2.0,6.33,False,0,,
2014-02-03,1.0,3.0,3.0,1.0,3.67,False,1,,
2014-02-10,1.0,1.0,0.0,0.0,,False,2,,
2014-02-17,2.0,7.0,6.0,3.0,5.0,False,3,,
2014-02-24,4.0,17.0,14.0,5.0,5.79,False,4,,
2014-03-03,1.0,8.0,6.0,4.0,3.83,False,5,,
2014-03-10,1.0,8.0,5.0,3.0,4.2,False,6,,
2014-03-17,2.0,13.0,7.0,5.0,4.57,False,7,,
2014-03-24,0.0,0.0,0.0,0.0,,False,0,,
2014-03-31,0.0,0.0,0.0,0.0,,False,1,,
2014-04-07,0.0,0.0,0.0,0.0,,False,2,,
2014-04-14,3.0,11.0,6.0,3.0,4.33,False,0,,
2014-04-21,1.0,5.0,1.0,0.0,5.0,False,0,165.76,
2014-04-28,0.0,0.0,0.0,0.0,,False,0,168.09,
2014-05-05,0.0,0.0,0.0,0.0,,False,0,171.3,
2014-05-12,0.0,0.0,0.0,0.0,,False,0,171.4,
2014-05-19,0.0,0.0,0.0,0.0,,False,0,174.78,
2014-05-26,1.0,10.0,10.0,10.0,5.0,False,1,172.6,
2014-06-02,3.0,31.0,31.0,26.0,4.9,False,2,170.0,
2014-06-09,2.0,16.0,16.0,16.0,5.06,False,3,168.07,
2014-06-16,2.0,23.0,23.0,21.0,4.43,False,4,167.6,
2014-06-23,2.0,15.0,15.0,14.0,4.8,False,5,,
2014-06-30,0.0,0.0,0.0,0.0,,True,0,,
2014-07-07,1.0,8.0,8.0,5.0,5.0,False,1,165.8,
2014-07-14,0.0,0.0,0.0,0.0,,True,0,164.4,
2014-07-21,1.0,6.0,2.0,1.0,3.5,False,0,,
2014-07-28,3.0,3.0,3.0,2.0,3.67,False,0,,
2014-08-04,0.0,0.0,0.0,0.0,,False,0,,
2014-08-11,0.0,0.0,0.0,0.0,,False,1,,
2014-08-18,0.0,0.0,0.0,0.0,,False,2,,
2014-08-25,4.0,5.0,5.0,5.0,5.8,False,3,159.8,
2014-09-01,3.0,4.0,4.0,4.0,3.75,False,4,,
2014-09-08,4.0,4.0,4.0,4.0,1.75,False,5,,
2014-09-15,0.0,0.0,0.0,0.0,,False,6,165.8,
2014-09-22,4.0,4.0,4.0,4.0,5.75,False,7,,
2014-09-29,2.0,2.0,2.0,2.0,4.5,False,8,166.33,
2014-10-06,0.0,0.0,0.0,0.0,,False,9,162.8,
2014-10-13,1.0,1.0,1.0,1.0,4.0,False,10,166.0,
2014-10-20,2.0,2.0,2.0,1.0,2.5,False,11,165.3,
2014-10-27,4.0,4.0,4.0,3.0,1.75,False,12,164.1,
2014-11-03,0.0,0.0,0.0,0.0,,False,13,166.9,
2014-11-10,1.0,1.0,1.0,1.0,6.0,False,14,,
2014-11-17,3.0,3.0,3.0,3.0,3.0,False,15,167.0,
2014-11-24,1.0,4.0,4.0,4.0,1.75,False,16,,
2014-12-01,1.0,1.0,1.0,1.0,3.0,False,17,,
2014-12-08,0.0,0.0,0.0,0.0,,False,0,,
2014-12-15,0.0,0.0,0.0,0.0,,False,0,,
2014-12-22,0.0,0.0,0.0,0.0,,False,0,,
2014-12-29,0.0,0.0,0.0,0.0,,False,0,,
2015-01-05,1.0,1.0,1.0,0.0,1.0,False,0,,
2015-01-12,2.0,2.0,2.0,2.0,5.0,False,0,170.6,
2015-01-19,0.0,0.0,0.0,0.0,,False,0,,
2015-01-26,2.0,2.0,2.0,2.0,1.0,False,0,,
2015-02-02,0.0,0.0,0.0,0.0,,False,0,,
2015-02-09,0.0,0.0,0.0,0.0,,False,0,,
2015-02-16,0.0,0.0,0.0,0.0,,False,0,170.07,
2015-02-23,0.0,0.0,0.0,0.0,,False,1,166.93,
2015-03-02,3.0,5.0,5.0,4.0,7.0,False,2,166.9,
2015-03-09,4.0,10.0,8.0,5.0,6.62,False,3,168.2,
2015-03-16,3.0,9.0,6.0,4.0,6.33,False,4,,
2015-03-23,4.0,8.0,6.0,4.0,6.17,False,5,,
2015-03-30,3.0,5.0,5.0,3.0,6.0,False,6,,
2015-04-06,4.0,4.0,4.0,4.0,2.0,False,7,168.37,
2015-04-13,3.0,4.0,4.0,3.0,2.75,False,8,166.56,
2015-04-20,2.0,2.0,2.0,1.0,2.5,False,9,164.77,
2015-04-27,4.0,24.0,8.0,3.0,3.5,False,10,166.27,
2015-05-04,4.0,29.0,13.0,5.0,5.38,False,11,168.67,
2015-05-11,4.0,19.0,12.0,3.0,4.75,False,12,169.6,
2015-05-18,0.0,0.0,0.0,0.0,,True,0,169.6,
2015-05-25,3.0,3.0,3.0,3.0,5.33,True,0,167.2,
2015-06-01,4.0,6.0,5.0,4.0,5.0,False,1,166.6,
2015-06-08,4.0,15.0,11.0,5.0,3.64,False,2,165.0,
2015-06-15,4.0,17.0,10.0,4.0,3.9,False,3,165.12,
2015-06-22,4.0,19.0,11.0,4.0,2.64,False,4,165.48,
2015-06-29,3.0,13.0,9.0,3.0,5.89,False,5,166.67,
2015-07-06,4.0,23.0,9.0,4.0,5.33,False,6,166.6,
2015-07-13,4.0,21.0,11.0,4.0,3.36,False,7,165.3,
2015-07-20,4.0,21.0,5.0,2.0,6.8,False,8,167.0,
2015-07-27,3.0,15.0,6.0,2.0,3.83,False,9,165.13,
2015-08-03,4.0,22.0,9.0,2.0,2.11,False,10,164.4,
2015-08-10,2.0,8.0,6.0,1.0,3.0,False,11,,
2015-08-17,0.0,0.0,0.0,0.0,,False,12,,
2015-08-24,4.0,23.0,10.0,3.0,3.4,False,13,167.1,
2015-08-31,4.0,25.0,8.0,4.0,4.25,False,14,167.8,
2015-09-07,4.0,35.0,14.0,4.0,3.93,False,15,167.8,
2015-09-14,4.0,24.0,10.0,5.0,3.8,False,16,,
2015-09-21,4.0,28.0,12.0,4.0,3.75,False,17,,
2015-09-28,3.0,21.0,20.0,2.0,6.05,False,18,169.0,
2015-10-05,4.0,17.0,9.0,4.0,4.89,False,19,,
2015-10-12,3.0,16.0,7.0,4.0,3.57,False,20,,
2015-10-19,4.0,26.0,12.0,3.0,2.5,False,21,,
2015-10-26,1.0,11.0,2.0,0.0,5.0,True,0,,
2015-11-02,0.0,0.0,0.0,0.0,,False,1,169.0,
2015-11-09,0.0,0.0,0.0,0.0,,False,0,170.2,
2015-11-16,0.0,0.0,0.0,0.0,,False,0,,
2015-11-23,0.0,0.0,0.0,0.0,,False,0,,
2015-11-30,0.0,0.0,0.0,0.0,,False,0,,
2015-12-07,0.0,0.0,0.0,0.0,,False,0,,
2015-12-14,0.0,0.0,0.0,0.0,,False,0,,
2015-12-21,0.0,0.0,0.0,0.0,,False,0,,
2015-12-28,0.0,0.0,0.0,0.0,,False,0,,
2016-01-04,0.0,0.0,0.0,0.0,,False,0,174.8,
2016-01-11,0.0,0.0,0.0,0.0,,False,0,175.4,
2016-01-18,2.0,13.0,7.0,4.0,5.14,False,1,,
2016-01-25,3.0,7.0,6.0,3.0,3.5,False,2,173.36,
2016-02-01,3.0,17.0,8.0,3.0,3.0,False,3,173.0,
2016-02-08,4.0,44.0,8.0,4.0,4.75,False,4,172.65,
2016-02-15,3.0,28.0,10.0,2.0,3.5,False,5,175.0,
2016-02-22,2.0,20.0,7.0,1.0,4.29,False,6,173.53,
2016-02-29,3.0,28.0,23.0,1.0,6.91,False,7,172.9,
2016-03-07,4.0,28.0,24.0,5.0,5.08,False,8,173.47,
2016-03-14,4.0,20.0,19.0,13.0,4.32,False,9,172.8,
2016-03-21,4.0,21.0,17.0,9.0,4.35,False,10,175.4,
2016-03-28,4.0,11.0,6.0,6.0,3.33,True,0,,
2016-04-04,4.0,28.0,24.0,5.0,7.88,False,1,176.7,
2016-04-11,2.0,22.0,12.0,2.0,4.58,False,2,173.04,
2016-04-18,3.0,17.0,17.0,8.0,4.71,False,3,173.87,
2016-04-25,4.0,27.0,23.0,4.0,7.22,False,4,174.72,
2016-05-02,4.0,17.0,17.0,3.0,5.71,False,5,175.35,
2016-05-09,3.0,14.0,14.0,6.0,4.79,False,6,173.0,
2016-05-16,4.0,9.0,9.0,6.0,3.44,False,7,172.4,
2016-05-23,4.0,13.0,12.0,6.0,2.83,False,8,170.44,
2016-05-30,2.0,4.0,4.0,2.0,4.5,True,0,167.75,
2016-06-06,0.0,0.0,0.0,0.0,,True,0,164.6,
2016-06-13,4.0,22.0,19.0,2.0,6.47,False,1,166.12,
2016-06-20,4.0,19.0,17.0,2.0,5.82,False,2,166.87,
2016-06-27,3.0,9.0,8.0,3.0,4.5,False,3,167.6,
2016-07-04,4.0,41.0,10.0,4.0,4.3,False,4,168.28,
2016-07-11,3.0,40.0,9.0,4.0,2.78,False,5,166.27,
2016-07-18,4.0,39.0,8.0,3.0,5.0,False,6,167.2,
2016-07-25,4.0,42.0,9.0,4.0,2.89,False,7,166.52,
2016-08-01,3.0,26.0,6.0,2.0,4.83,False,8,167.15,
2016-08-08,4.0,36.0,9.0,1.0,4.0,False,9,164.32,
2016-08-15,4.0,39.0,9.0,3.0,3.78,False,10,165.97,
2016-08-22,4.0,42.0,8.0,3.0,6.38,False,11,166.4,
2016-08-29,4.0,37.0,10.0,4.0,3.9,False,12,167.07,
2016-09-05,4.0,37.0,8.0,4.0,2.62,False,13,167.8,
2016-09-12,5.0,42.0,14.0,5.0,3.5,False,14,169.68,
2016-09-19,3.0,18.0,6.0,3.0,5.0,False,15,168.27,
2016-09-26,4.0,31.0,9.0,4.0,3.56,False,16,169.0,
2016-10-03,3.0,33.0,0.0,0.0,,True,0,170.8,
2016-10-10,4.0,25.0,8.0,3.0,4.5,False,1,169.2,
2016-10-17,4.0,27.0,8.0,4.0,3.12,False,2,169.7,
2016-10-24,4.0,31.0,15.0,5.0,3.33,False,3,171.8,
2016-10-31,4.0,29.0,21.0,0.0,7.24,False,4,173.3,
2016-11-07,4.0,21.0,21.0,8.0,6.81,False,5,175.1,
2016-11-14,3.0,13.0,13.0,8.0,4.54,False,6,175.1,
2016-11-21,2.0,7.0,6.0,5.0,2.33,True,0,175.27,
2016-11-28,3.0,12.0,7.0,5.0,1.43,False,1,176.1,
2016-12-05,4.0,20.0,9.0,2.0,4.22,False,2,176.0,
2016-12-12,0.0,0.0,0.0,0.0,,True,0,,
2016-12-19,3.0,17.0,5.0,2.0,4.4,False,1,175.4,
2016-12-26,1.0,5.0,3.0,2.0,2.67,False,2,175.4,
2017-01-02,3.0,17.0,8.0,2.0,4.38,False,3,175.93,
2017-01-09,0.0,0.0,0.0,0.0,,False,4,178.4,
2017-01-16,2.0,11.0,6.0,1.0,5.33,False,5,179.45,
2017-01-23,1.0,10.0,10.0,5.0,5.0,False,6,181.07,
2017-01-30,2.0,13.0,13.0,4.0,4.54,False,7,180.95,
2017-02-06,3.0,18.0,18.0,14.0,4.83,False,8,184.08,
2017-02-13,2.0,9.0,9.0,9.0,5.0,False,9,182.75,
2017-02-20,4.0,15.0,14.0,11.0,4.86,False,10,182.48,
2017-02-27,3.0,9.0,9.0,9.0,5.0,False,11,181.87,
2017-03-06,2.0,8.0,8.0,7.0,4.12,False,12,182.2,
2017-03-13,3.0,13.0,13.0,10.0,3.0,False,13,178.7,
2017-03-20,1.0,3.0,2.0,1.0,2.5,True,0,,
2017-03-27,3.0,27.0,7.0,0.0,5.0,False,1,177.07,
2017-04-03,4.0,26.0,11.0,2.0,4.27,False,2,176.6,
2017-04-10,3.0,23.0,6.0,2.0,4.33,False,3,175.08,
2017-04-17,2.0,15.0,6.0,3.0,4.0,False,4,172.04,
2017-04-24,2.0,18.0,5.0,4.0,4.0,False,5,171.77,
2017-05-01,2.0,20.0,9.0,3.0,3.33,False,6,170.0,
2017-05-08,3.0,24.0,11.0,2.0,3.09,False,7,169.51,
2017-05-15,3.0,22.0,12.0,3.0,3.83,False,8,168.73,
2017-05-22,3.0,18.0,7.0,6.0,5.71,False,9,167.13,
2017-05-29,2.0,20.0,8.0,3.0,2.88,False,10,167.1,
2017-06-05,3.0,25.0,12.0,6.0,3.33,False,11,164.65,
2017-06-12,5.0,70.0,35.0,4.0,4.77,False,12,165.6,
2017-06-19,5.0,45.0,30.0,4.0,3.93,False,13,166.93,
2017-06-26,5.0,60.0,36.0,5.0,4.69,False,14,167.4,
2017-07-03,4.0,38.0,23.0,5.0,3.78,False,15,170.1,
2017-07-10,6.0,69.0,38.0,4.0,4.74,False,16,168.7,
2017-07-17,4.0,39.0,22.0,4.0,3.32,False,17,169.8,
2017-07-24,5.0,50.0,34.0,5.0,4.03,False,18,170.09,
2017-07-31,5.0,65.0,43.0,4.0,4.42,False,19,171.12,
2017-08-07,4.0,44.0,34.0,5.0,3.5,False,20,171.2,
2017-08-14,4.0,39.0,28.0,4.0,4.04,False,21,172.0,
2017-08-21,1.0,20.0,11.0,0.0,5.36,True,0,172.53,
2017-08-28,3.0,34.0,16.0,4.0,3.56,False,1,170.2,
2017-09-04,5.0,58.0,29.0,3.0,3.97,False,2,171.25,
2017-09-11,3.0,37.0,25.0,2.0,4.08,False,3,169.0,
2017-09-18,5.0,51.0,37.0,5.0,4.16,False,4,170.9,
2017-09-25,3.0,31.0,26.0,4.0,4.23,False,5,170.6,
2017-10-02,4.0,38.0,28.0,7.0,3.46,False,6,172.4,
2017-10-09,5.0,52.0,44.0,6.0,4.07,False,7,173.6,
2017-10-16,6.0,61.0,48.0,5.0,4.25,False,8,175.0,
2017-10-23,4.0,35.0,30.0,7.0,3.43,False,9,176.4,
2017-10-30,6.0,71.0,51.0,9.0,4.27,False,10,175.04,
2017-11-06,5.0,51.0,44.0,8.0,3.5,False,11,176.4,
2017-11-13,5.0,59.0,46.0,11.0,3.72,False,12,179.2,
2017-11-20,4.0,52.0,10.0,0.0,4.3,True,0,180.67,
2017-11-27,5.0,41.0,25.0,5.0,2.72,False,1,180.53,
2017-12-04,5.0,62.0,31.0,4.0,4.48,False,2,179.6,
2017-12-11,4.0,35.0,24.0,4.0,3.83,False,3,178.5,
2017-12-18,5.0,44.0,18.0,3.0,4.0,False,4,181.4,
2017-12-25,4.0,33.0,28.0,5.0,4.0,False,5,183.6,
2018-01-01,4.0,28.0,26.0,4.0,3.77,False,6,181.4,
2018-01-08,2.0,29.0,20.0,2.0,4.45,False,7,183.7,
2018-01-15,3.0,22.0,12.0,2.0,4.75,False,8,182.68,
2018-01-22,2.0,16.0,6.0,1.0,3.0,True,0,182.2,
2018-01-29,4.0,27.0,7.0,3.0,3.29,False,1,,
2018-02-05,3.0,23.0,8.0,4.0,3.25,False,2,185.6,
2018-02-12,4.0,25.0,10.0,7.0,3.4,False,3,187.2,
2018-02-19,3.0,22.0,7.0,4.0,3.57,False,4,185.3,
2018-02-26,0.0,0.0,0.0,0.0,,True,0,,
2018-03-05,4.0,25.0,11.0,3.0,2.73,False,1,181.6,
2018-03-12,3.0,22.0,10.0,2.0,3.0,False,2,183.6,
2018-03-19,3.0,34.0,22.0,2.0,2.73,False,3,181.2,
2018-03-26,3.0,37.0,20.0,1.0,3.8,False,4,180.8,
2018-04-02,1.0,3.0,1.0,0.0,3.0,True,0,176.2,
2018-04-09,4.0,21.0,9.0,1.0,3.22,False,1,175.8,
2018-04-16,2.0,12.0,10.0,1.0,3.4,False,2,173.6,
2018-04-23,2.0,11.0,8.0,2.0,3.38,False,3,175.4,
2018-04-30,3.0,28.0,13.0,1.0,2.62,False,4,174.8,
2018-05-07,4.0,33.0,24.0,5.0,3.5,False,5,,
2018-05-14,1.0,8.0,4.0,1.0,3.75,True,0,172.8,
2018-05-21,6.0,49.0,38.0,10.0,4.08,False,1,,
2018-05-28,1.0,5.0,0.0,0.0,,True,0,176.0,
2018-06-04,5.0,54.0,33.0,4.0,4.42,False,1,176.36,
2018-06-11,4.0,35.0,26.0,3.0,3.73,False,2,176.75,
2018-06-18,5.0,47.0,38.0,6.0,4.05,False,3,177.8,
2018-06-25,5.0,53.0,40.0,5.0,3.95,False,4,177.0,
2018-07-02,4.0,50.0,34.0,5.0,3.82,False,5,176.9,
2018-07-09,5.0,52.0,42.0,5.0,3.9,False,6,176.2,
2018-07-16,5.0,47.0,37.0,5.0,3.7,False,7,177.85,
2018-07-23,5.0,54.0,40.0,5.0,4.35,False,8,177.67,
2018-07-30,4.0,24.0,0.0,0.0,,True,0,177.4,
2018-08-06,3.0,30.0,4.0,2.0,8.75,True,0,175.2,
2018-08-13,4.0,32.0,4.0,4.0,7.25,True,0,178.0,
2018-08-20,4.0,32.0,7.0,4.0,5.14,False,1,177.8,
2018-08-27,3.0,25.0,0.0,0.0,,False,2,176.4,
2018-09-03,3.0,30.0,5.0,4.0,8.0,False,3,176.07,
2018-09-10,4.0,33.0,6.0,5.0,6.0,False,4,175.07,
2018-09-17,4.0,34.0,10.0,5.0,4.4,False,5,,
2018-09-24,4.0,24.0,0.0,0.0,,False,6,177.4,
2018-10-01,4.0,30.0,4.0,4.0,9.25,False,7,,
2018-10-08,4.0,32.0,7.0,3.0,5.43,False,8,175.6,
2018-10-15,5.0,34.0,10.0,4.0,4.9,False,9,175.0,
2018-10-22,5.0,36.0,8.0,4.0,7.5,False,10,173.6,
2018-10-29,4.0,47.0,14.0,5.0,3.21,False,11,172.53,
2018-11-05,4.0,36.0,16.0,4.0,3.0,False,12,174.7,
2018-11-12,2.0,13.0,0.0,0.0,,True,0,173.2,
2018-11-19,3.0,14.0,6.0,3.0,6.83,False,1,,
2018-11-26,4.0,24.0,7.0,3.0,3.71,False,2,173.6,
2018-12-03,4.0,36.0,19.0,4.0,3.11,False,3,172.6,
2018-12-10,2.0,24.0,0.0,0.0,,True,0,176.87,
2018-12-17,6.0,44.0,17.0,6.0,5.41,False,1,177.8,
2018-12-24,0.0,0.0,0.0,0.0,,True,0,176.7,
2018-12-31,4.0,36.0,17.0,3.0,2.76,False,1,176.9,
2019-01-07,4.0,30.0,9.0,3.0,3.44,False,2,178.4,
2019-01-14,4.0,33.0,9.0,4.0,5.22,False,3,176.6,
2019-01-21,2.0,26.0,15.0,2.0,2.4,False,4,177.2,
2019-01-28,1.0,17.0,14.0,2.0,3.0,False,5,176.4,
2019-02-04,2.0,30.0,5.0,4.0,9.4,False,6,175.8,
2019-02-11,3.0,33.0,7.0,5.0,5.71,False,7,178.6,
2019-02-18,3.0,25.0,10.0,3.0,4.7,False,8,176.27,
2019-02-25,3.0,24.0,0.0,0.0,,True,0,177.2,
2019-03-04,4.0,32.0,6.0,3.0,7.67,False,1,176.5,
2019-03-11,4.0,27.0,8.0,3.0,5.12,False,2,,
2019-03-18,4.0,34.0,13.0,3.0,4.23,False,3,177.0,
2019-03-25,3.0,29.0,1.0,1.0,13.0,False,4,177.0,
2019-04-01,3.0,27.0,9.0,3.0,6.33,False,5,,
2019-04-08,4.0,38.0,8.0,3.0,3.88,False,6,178.0,
2019-04-15,4.0,34.0,9.0,3.0,3.44,False,7,178.0,
2019-04-22,4.0,24.0,0.0,0.0,,False,8,177.5,
2019-04-29,4.0,35.0,7.0,4.0,6.0,False,9,177.4,
2019-05-06,5.0,53.0,12.0,5.0,3.75,False,10,177.8,
2019-05-13,3.0,25.0,8.0,4.0,3.62,False,11,179.0,
2019-05-20,3.0,26.0,1.0,1.0,7.0,False,12,178.6,
2019-05-27,2.0,19.0,4.0,3.0,7.0,False,13,176.33,
2019-06-03,4.0,24.0,8.0,4.0,4.62,False,14,176.08,
2019-06-10,4.0,27.0,10.0,4.0,3.5,False,15,175.45,
2019-06-17,1.0,6.0,3.0,1.0,5.0,False,16,174.4,
2019-06-24,2.0,9.0,4.0,2.0,5.5,False,17,174.6,
2019-07-01,0.0,0.0,0.0,0.0,,False,18,,
2019-07-08,3.0,15.0,11.0,0.0,2.82,False,19,170.87,
2019-07-15,3.0,25.0,13.0,1.0,2.92,False,20,171.2,
2019-07-22,4.0,23.0,11.0,3.0,3.36,False,21,171.6,
2019-07-29,4.0,19.0,7.0,3.0,4.57,False,22,171.2,
2019-08-05,1.0,4.0,1.0,1.0,8.0,True,0,170.0,
2019-08-12,0.0,0.0,0.0,0.0,,True,0,167.8,
2019-08-19,0.0,0.0,0.0,0.0,,False,1,167.6,
2019-08-26,1.0,17.0,7.0,1.0,1.86,False,2,167.7,
2019-09-02,3.0,25.0,9.0,1.0,4.44,False,3,167.4,
2019-09-09,4.0,33.0,14.0,1.0,4.36,False,4,,
2019-09-16,4.0,32.0,20.0,3.0,4.15,False,5,168.2,
2019-09-23,3.0,18.0,12.0,3.0,3.42,False,6,,
2019-09-30,4.0,26.0,16.0,4.0,3.5,False,7,166.8,
2019-10-07,4.0,27.0,16.0,4.0,2.62,False,8,167.6,
2019-10-14,3.0,26.0,15.0,3.0,3.8,False,9,,
2019-10-21,1.0,12.0,9.0,2.0,3.22,False,10,,
2019-10-28,1.0,10.0,4.0,3.0,3.25,True,0,,
2019-11-04,1.0,10.0,5.0,2.0,2.4,False,1,,
2019-11-11,1.0,9.0,5.0,3.0,2.6,False,0,,
2019-11-18,0.0,0.0,0.0,0.0,,False,0,,
2019-11-25,0.0,0.0,0.0,0.0,,False,0,,
2019-12-02,0.0,0.0,0.0,0.0,,False,0,,
2019-12-09,0.0,0.0,0.0,0.0,,False,0,,
2019-12-16,0.0,0.0,0.0,0.0,,False,0,,
2019-12-23,0.0,0.0,0.0,0.0,,False,0,,
2019-12-30,1.0,16.0,8.0,4.0,4.5,False,0,163.4,
2020-01-06,2.0,20.0,10.0,4.0,4.5,False,1,,
2020-01-13,1.0,9.0,4.0,2.0,5.0,False,2,,
2020-01-20,2.0,19.0,9.0,4.0,4.11,False,3,,
2020-01-27,1.0,12.0,7.0,3.0,4.71,False,4,,
2020-02-03,1.0,12.0,4.0,2.0,4.5,False,5,,
2020-02-10,2.0,14.0,6.0,2.0,5.17,False,6,,
2020-02-17,2.0,18.0,6.0,2.0,3.33,False,7,,
2020-02-24,2.0,11.0,4.0,2.0,4.25,False,8,,
2020-03-02,2.0,12.0,6.0,1.0,6.17,False,9,,
2020-03-09,0.0,0.0,0.0,0.0,,False,10,,
2020-03-16,0.0,0.0,0.0,0.0,,False,0,,
2020-03-23,0.0,0.0,0.0,0.0,,False,0,,
2020-03-30,0.0,0.0,0.0,0.0,,False,0,,
2020-04-06,0.0,0.0,0.0,0.0,,False,0,,
2020-04-13,0.0,0.0,0.0,0.0,,False,0,163.2,
2020-04-20,0.0,0.0,0.0,0.0,,False,0,,
2020-04-27,1.0,2.0,0.0,0.0,,False,0,,
2020-05-04,0.0,0.0,0.0,0.0,,False,0,,
2020-05-11,0.0,0.0,0.0,0.0,,False,0,,
2020-05-18,0.0,0.0,0.0,0.0,,False,0,164.2,
2020-05-25,0.0,0.0,0.0,0.0,,False,0,,
2020-06-01,0.0,0.0,0.0,0.0,,False,0,,
2020-06-08,0.0,0.0,0.0,0.0,,False,0,,
2020-06-15,0.0,0.0,0.0,0.0,,False,0,,
2020-06-22,0.0,0.0,0.0,0.0,,False,0,,
2020-06-29,0.0,0.0,0.0,0.0,,False,0,,
2020-07-06,0.0,0.0,0.0,0.0,,False,0,162.2,
2020-07-13,0.0,0.0,0.0,0.0,,False,0,162.4,
2020-07-20,0.0,0.0,0.0,0.0,,False,0,,
2020-07-27,0.0,0.0,0.0,0.0,,False,0,161.47,
2020-08-03,0.0,0.0,0.0,0.0,,False,0,160.4,
2020-08-10,0.0,0.0,0.0,0.0,,False,0,,
2020-08-17,0.0,0.0,0.0,0.0,,False,0,159.4,
2020-08-24,0.0,0.0,0.0,0.0,,False,0,159.8,
2020-08-31,0.0,0.0,0.0,0.0,,False,0,160.4,
2020-09-07,0.0,0.0,0.0,0.0,,False,0,,
2020-09-14,0.0,0.0,0.0,0.0,,False,0,,
2020-09-21,0.0,0.0,0.0,0.0,,False,0,160.4,
2020-09-28,0.0,0.0,0.0,0.0,,False,0,,
2020-10-05,0.0,0.0,0.0,0.0,,False,0,,
2020-10-12,0.0,0.0,0.0,0.0,,False,0,,
2020-10-19,0.0,0.0,0.0,0.0,,False,0,161.4,
2020-10-26,0.0,0.0,0.0,0.0,,False,0,159.8,
2020-11-02,0.0,0.0,0.0,0.0,,False,0,,
2020-11-09,0.0,0.0,0.0,0.0,,False,0,,
2020-11-16,0.0,0.0,0.0,0.0,,False,0,161.6,
2020-11-23,0.0,0.0,0.0,0.0,,False,0,,
2020-11-30,0.0,0.0,0.0,0.0,,False,0,,
2020-12-07,0.0,0.0,0.0,0.0,,False,0,,
2020-12-14,0.0,0.0,0.0,0.0,,False,0,,
2020-12-21,0.0,0.0,0.0,0.0,,False,0,,
2020-12-28,0.0,0.0,0.0,0.0,,False,0,,
2021-01-04,0.0,0.0,0.0,0.0,,False,0,,
2021-01-11,0.0,0.0,0.0,0.0,,False,0,,
2021-01-18,0.0,0.0,0.0,0.0,,False,0,,
2021-01-25,0.0,0.0,0.0,0.0,,False,0,,
2021-02-01,0.0,0.0,0.0,0.0,,False,0,,
2021-02-08,0.0,0.0,0.0,0.0,,False,0,,
2021-02-15,0.0,0.0,0.0,0.0,,False,0,160.2,
2021-02-22,0.0,0.0,0.0,0.0,,False,0,,
2021-03-01,0.0,0.0,0.0,0.0,,False,0,161.6,
2021-03-08,0.0,0.0,0.0,0.0,,False,0,,
2021-03-15,0.0,0.0,0.0,0.0,,False,0,,
2021-03-22,0.0,0.0,0.0,0.0,,False,0,,
2021-03-29,0.0,0.0,0.0,0.0,,False,0,,
2021-04-05,0.0,0.0,0.0,0.0,,False,0,,
2021-04-12,0.0,0.0,0.0,0.0,,False,0,164.25,
2021-04-19,0.0,0.0,0.0,0.0,,False,0,163.7,
2021-04-26,0.0,0.0,0.0,0.0,,False,0,164.4,
2021-05-03,0.0,0.0,0.0,0.0,,False,0,,
2021-05-10,0.0,0.0,0.0,0.0,,False,0,,
2021-05-17,0.0,0.0,0.0,0.0,,False,0,163.5,
2021-05-24,0.0,0.0,0.0,0.0,,False,0,163.8,
2021-05-31,0.0,0.0,0.0,0.0,,False,0,164.4,
2021-06-07,0.0,0.0,0.0,0.0,,False,0,164.2,
2021-06-14,0.0,0.0,0.0,0.0,,False,0,163.0,
2021-06-21,0.0,0.0,0.0,0.0,,False,0,164.33,
2021-06-28,0.0,0.0,0.0,0.0,,False,0,163.6,
2021-07-05,0.0,0.0,0.0,0.0,,False,0,163.7,
2021-07-12,0.0,0.0,0.0,0.0,,False,0,163.53,
2021-07-19,0.0,0.0,0.0,0.0,,False,0,164.0,
2021-07-26,0.0,0.0,0.0,0.0,,False,0,162.87,
2021-08-02,0.0,0.0,0.0,0.0,,False,0,163.4,
2021-08-09,0.0,0.0,0.0,0.0,,False,0,163.5,
2021-08-16,0.0,0.0,0.0,0.0,,False,0,162.1,
2021-08-23,0.0,0.0,0.0,0.0,,False,0,162.1,
2021-08-30,0.0,0.0,0.0,0.0,,False,0,161.1,
2021-09-06,0.0,0.0,0.0,0.0,,False,0,160.7,
2021-09-13,0.0,0.0,0.0,0.0,,False,0,159.6,
2021-09-20,0.0,0.0,0.0,0.0,,False,0,159.8,
2021-09-27,0.0,0.0,0.0,0.0,,False,0,159.2,
2021-10-04,0.0,0.0,0.0,0.0,,False,0,160.6,
2021-10-11,4.0,10.0,6.0,4.0,6.67,False,1,160.4,
2021-10-18,1.0,4.0,3.0,1.0,5.33,False,2,156.8,
2021-10-25,2.0,7.0,5.0,2.0,6.0,False,3,157.6,
2021-11-01,3.0,15.0,9.0,3.0,6.56,False,4,156.6,
2021-11-08,3.0,12.0,6.0,3.0,5.5,False,5,157.4,
2021-11-15,1.0,4.0,2.0,1.0,5.0,False,6,156.8,
2021-11-22,2.0,7.0,5.0,3.0,4.0,False,7,157.6,
2021-11-29,2.0,7.0,2.0,0.0,6.5,False,8,155.0,
2021-12-06,2.0,8.0,5.0,3.0,3.8,False,9,154.1,
2021-12-13,1.0,5.0,2.0,0.0,6.5,False,10,156.4,
2021-12-20,0.0,0.0,0.0,0.0,,False,11,153.2,
2021-12-27,2.0,8.0,4.0,2.0,7.0,False,12,156.73,
2022-01-03,1.0,5.0,2.0,1.0,6.0,False,13,156.73,
2022-01-10,1.0,6.0,0.0,0.0,,False,14,155.0,
2022-01-17,2.0,7.0,2.0,1.0,7.5,False,15,,
2022-01-24,2.0,8.0,5.0,1.0,5.6,False,16,,
2022-01-31,2.0,8.0,4.0,1.0,6.5,False,17,157.1,
2022-02-07,1.0,7.0,3.0,0.0,5.0,False,18,157.8,
2022-02-14,1.0,6.0,0.0,0.0,,False,19,158.2,
2022-02-21,2.0,10.0,5.0,3.0,4.0,False,20,157.3,
2022-02-28,3.0,18.0,12.0,2.0,5.42,False,21,157.6,
2022-03-07,2.0,9.0,3.0,1.0,5.0,False,22,158.27,
2022-03-14,2.0,14.0,9.0,5.0,5.0,False,23,157.4,
2022-03-21,1.0,7.0,0.0,0.0,,False,24,158.8,
2022-03-28,1.0,7.0,4.0,0.0,3.0,False,25,158.2,
2022-04-04,2.0,10.0,5.0,1.0,5.2,False,26,158.0,
2022-04-11,1.0,7.0,1.0,0.0,8.0,False,27,159.4,
2022-04-18,4.0,25.0,16.0,5.0,4.56,False,28,158.2,
2022-04-25,3.0,27.0,13.0,6.0,4.08,False,29,158.6,
2022-05-02,3.0,30.0,17.0,5.0,3.29,False,30,158.84,
2022-05-09,2.0,9.0,3.0,0.0,9.33,True,0,158.75,
2022-05-16,2.0,13.0,7.0,2.0,6.29,False,1,159.2,
2022-05-23,3.0,14.0,7.0,4.0,6.29,False,2,159.87,
2022-05-30,2.0,11.0,4.0,1.0,4.75,False,3,160.4,
2022-06-06,2.0,9.0,5.0,1.0,10.0,False,4,159.7,
2022-06-13,3.0,15.0,11.0,4.0,6.18,False,5,160.47,
2022-06-20,2.0,11.0,7.0,2.0,7.57,False,6,160.1,
2022-06-27,3.0,18.0,12.0,2.0,6.25,False,7,160.2,
2022-07-04,3.0,20.0,10.0,6.0,3.5,False,8,163.2,
2022-07-11,5.0,40.0,22.0,4.0,5.27,False,9,161.1,
2022-07-18,2.0,10.0,6.0,0.0,7.67,False,10,162.6,
2022-07-25,1.0,6.0,1.0,1.0,7.0,True,0,162.6,
2022-08-01,1.0,5.0,1.0,0.0,12.0,True,0,162.37,
2022-08-08,2.0,11.0,8.0,0.0,6.62,False,1,162.72,
2022-08-15,3.0,13.0,7.0,1.0,7.86,False,2,161.5,
2022-08-22,1.0,7.0,3.0,0.0,11.67,False,3,161.35,
2022-08-29,2.0,10.0,7.0,2.0,5.43,False,4,163.14,
2022-09-05,3.0,15.0,6.0,3.0,4.67,False,5,164.03,
2022-09-12,2.0,12.0,8.0,2.0,6.5,False,6,163.5,
2022-09-19,2.0,11.0,7.0,0.0,8.57,False,7,163.23,
2022-09-26,2.0,13.0,5.0,1.0,4.4,False,8,163.13,
2022-10-03,3.0,22.0,12.0,4.0,5.42,False,9,161.96,
2022-10-10,3.0,23.0,12.0,3.0,4.58,False,10,162.97,
2022-10-17,3.0,25.0,16.0,4.0,4.94,False,11,164.09,
2022-10-24,3.0,29.0,11.0,3.0,3.36,False,12,166.09,
2022-10-31,2.0,14.0,0.0,0.0,,True,0,164.77,
2022-11-07,3.0,38.0,5.0,2.0,6.6,False,1,164.88,
2022-11-14,5.0,44.0,7.0,5.0,5.86,False,2,165.1,
2022-11-21,3.0,29.0,10.0,6.0,3.5,False,3,165.6,
2022-11-28,4.0,27.0,4.0,2.0,4.75,False,4,166.6,
2022-12-05,4.0,33.0,8.0,4.0,5.5,False,5,166.8,
2022-12-12,4.0,38.0,11.0,6.0,5.0,False,6,167.24,
2022-12-19,2.0,18.0,4.0,4.0,4.75,False,7,167.55,
2022-12-26,2.0,19.0,3.0,3.0,6.33,False,8,165.93,
2023-01-02,5.0,44.0,15.0,7.0,5.0,False,9,166.34,
2023-01-09,3.0,28.0,6.0,4.0,6.33,False,10,167.22,
2023-01-16,2.0,13.0,3.0,0.0,2.33,False,11,167.0,
2023-01-23,5.0,46.0,8.0,5.0,5.75,False,12,169.28,
2023-01-30,5.0,47.0,10.0,5.0,4.5,False,13,169.92,
2023-02-06,2.0,12.0,3.0,1.0,3.67,False,14,170.87,
2023-02-13,5.0,42.0,12.0,6.0,5.58,False,15,170.6,
2023-02-20,4.0,36.0,14.0,7.0,5.43,False,16,168.63,
2023-02-27,4.0,38.0,14.0,6.0,5.21,False,17,167.74,
2023-03-06,2.0,11.0,0.0,0.0,,True,0,164.83,
2023-03-13,4.0,35.0,8.0,2.0,6.25,False,1,164.0,
2023-03-20,5.0,31.0,7.0,1.0,3.71,False,2,162.69,
2023-03-27,2.0,17.0,6.0,0.0,3.33,False,3,161.93,
2023-04-03,2.0,11.0,0.0,0.0,,False,4,161.2,
2023-04-10,4.0,27.0,5.0,4.0,6.8,False,5,160.83,
2023-04-17,4.0,28.0,8.0,4.0,5.75,False,6,159.8,
2023-04-24,5.0,34.0,14.0,4.0,4.86,False,7,158.31,
2023-05-01,3.0,25.0,8.0,3.0,4.5,False,8,161.2,
2023-05-08,3.0,32.0,9.0,4.0,5.33,False,9,162.69,
2023-05-15,4.0,36.0,16.0,3.0,4.75,False,10,163.66,
2023-05-22,4.0,31.0,11.0,5.0,7.55,False,11,164.73,
2023-05-29,4.0,37.0,13.0,5.0,4.85,False,12,163.57,
2023-06-05,5.0,32.0,17.0,7.0,4.47,False,13,163.73,
2023-06-12,0.0,0.0,0.0,0.0,,True,0,,
2023-06-19,4.0,35.0,10.0,5.0,6.5,False,1,164.6,
2023-06-26,5.0,35.0,12.0,6.0,5.25,False,2,165.5,
2023-07-03,1.0,5.0,2.0,1.0,3.0,True,0,164.2,
2023-07-10,5.0,34.0,15.0,4.0,5.4,False,1,164.98,
2023-07-17,4.0,36.0,14.0,6.0,3.64,False,2,165.93,
2023-07-24,5.0,38.0,20.0,7.0,4.05,False,3,168.74,
2023-07-31,4.0,32.0,15.0,7.0,6.13,False,4,170.33,
2023-08-07,4.0,28.0,11.0,5.0,3.45,False,5,171.63,
2023-08-14,4.0,30.0,15.0,6.0,2.87,False,6,170.6,
2023-08-21,3.0,9.0,0.0,0.0,,True,0,170.93,
2023-08-28,4.0,34.0,15.0,4.0,5.53,False,1,171.55,
2023-09-04,3.0,29.0,12.0,5.0,4.5,False,2,174.23,
2023-09-11,4.0,30.0,15.0,7.0,3.4,False,3,175.66,
2023-09-18,4.0,32.0,12.0,4.0,6.5,False,4,174.87,
2023-09-25,4.0,35.0,13.0,4.0,4.85,False,5,174.76,
2023-10-02,3.0,33.0,14.0,3.0,4.64,False,6,174.8,
2023-10-09,4.0,33.0,12.0,4.0,6.92,False,7,173.06,
2023-10-16,4.0,38.0,14.0,4.0,4.64,False,8,174.04,
2023-10-23,4.0,34.0,16.0,3.0,4.62,False,9,174.25,
2023-10-30,4.0,36.0,16.0,5.0,6.38,False,10,172.65,
2023-11-06,4.0,36.0,16.0,5.0,4.19,False,11,173.4,
2023-11-13,4.0,30.0,14.0,4.0,4.07,False,12,173.3,
2023-11-20,3.0,39.0,16.0,6.0,6.0,False,13,173.17,
2023-11-27,4.0,30.0,11.0,3.0,4.91,False,14,175.09,
2023-12-04,4.0,47.0,19.0,5.0,4.42,False,15,176.3,
2023-12-11,2.0,25.0,9.0,6.0,6.89,False,16,175.63,
2023-12-18,4.0,34.0,14.0,6.0,5.29,False,17,174.29,
2023-12-25,4.0,37.0,15.0,8.0,4.0,False,18,175.13,
2024-01-01,4.0,46.0,20.0,6.0,5.6,False,19,175.65,
2024-01-08,5.0,35.0,16.0,6.0,4.38,False,20,175.67,
2024-01-15,4.0,32.0,17.0,6.0,4.71,False,21,176.53,
2024-01-22,3.0,32.0,14.0,6.0,6.43,False,22,177.07,
2024-01-29,3.0,20.0,8.0,2.0,6.0,False,23,175.47,
2024-02-05,4.0,31.0,13.0,4.0,4.31,False,24,177.13,
2024-02-12,4.0,30.0,15.0,5.0,3.6,False,25,177.66,
2024-02-19,4.0,44.0,11.0,3.0,5.73,False,26,178.4,
2024-02-26,4.0,43.0,16.0,8.0,6.38,False,27,178.88,
2024-03-04,3.0,30.0,15.0,4.0,4.87,False,28,178.63,
2024-03-11,4.0,29.0,15.0,5.0,3.4,False,29,179.53,
2024-03-18,1.0,7.0,3.0,0.0,5.33,True,0,175.85,
2024-03-25,6.0,48.0,19.0,0.0,5.37,False,1,174.7,
2024-04-01,3.0,24.0,11.0,2.0,4.64,False,2,176.63,
2024-04-08,5.0,48.0,20.0,7.0,4.35,False,3,176.03,
2024-04-15,2.0,14.0,4.0,1.0,6.75,True,0,173.73,
2024-04-22,5.0,38.0,15.0,6.0,5.4,False,1,172.6,
2024-04-29,4.0,47.0,21.0,9.0,3.95,False,2,175.17,
2024-05-06,6.0,54.0,33.0,5.0,5.12,False,3,175.8,
2024-05-13,6.0,63.0,34.0,8.0,3.94,False,4,176.07,
2024-05-20,3.0,30.0,16.0,6.0,4.94,False,5,176.3,
2024-05-27,6.0,63.0,43.0,7.0,4.26,False,6,176.2,
2024-06-03,5.0,55.0,30.0,17.0,4.5,False,7,179.51,
2024-06-10,6.0,66.0,39.0,6.0,4.0,False,8,181.0,
2024-06-17,4.0,45.0,24.0,5.0,3.21,False,9,180.94,
2024-06-24,3.0,42.0,22.0,4.0,4.91,False,10,182.6,
2024-07-01,3.0,22.0,4.0,2.0,3.0,True,0,182.2,
2024-07-08,5.0,48.0,23.0,5.0,4.09,False,1,181.49,
2024-07-15,4.0,28.0,14.0,2.0,3.64,False,2,181.07,
2024-07-22,3.0,30.0,11.0,1.0,4.0,False,3,182.0,
2024-07-29,2.0,23.0,8.0,1.0,3.38,False,4,180.87,
2024-08-05,1.0,8.0,4.0,1.0,5.75,True,0,179.2,
2024-08-12,5.0,41.0,16.0,2.0,4.81,False,1,178.23,
2024-08-19,4.0,38.0,17.0,3.0,3.53,False,2,178.08,
2024-08-26,2.0,20.0,10.0,2.0,3.8,False,3,177.96,
2024-09-02,5.0,25.0,1.0,0.0,5.0,True,0,175.23,1.0
2024-09-09,3.0,24.0,10.0,3.0,4.8,False,1,173.54,1.0
2024-09-16,5.0,39.0,13.0,3.0,3.77,False,2,173.13,1.0
2024-09-23,4.0,35.0,13.0,4.0,4.85,False,3,172.53,1.0
2024-09-30,3.0,28.0,9.0,2.0,5.56,False,4,172.2,1.0
2024-10-07,3.0,19.0,9.0,2.0,3.89,False,5,171.03,2.0
2024-10-14,4.0,33.0,16.0,3.0,3.94,False,6,170.23,1.0
2024-10-21,3.0,29.0,13.0,5.0,5.23,False,7,169.97,2.0
2024-10-28,4.0,32.0,17.0,7.0,4.0,False,8,170.89,4.0
2024-11-04,3.0,21.0,10.0,3.0,4.1,False,9,170.57,4.0
2024-11-11,3.0,29.0,13.0,6.0,5.38,False,10,171.76,3.0
2024-11-18,4.0,47.0,19.0,6.0,3.58,False,11,172.3,4.0
2024-11-25,4.0,29.0,14.0,2.0,4.07,False,12,170.84,2.0
2024-12-02,4.0,56.0,24.0,1.0,4.21,False,13,171.0,4.0
2024-12-09,4.0,50.0,23.0,2.0,4.26,False,14,170.53,3.0
2024-12-16,3.0,42.0,24.0,2.0,5.79,False,15,170.33,1.0
2024-12-23,4.0,57.0,32.0,2.0,5.09,False,16,169.27,3.0
2024-12-30,4.0,57.0,38.0,23.0,5.13,False,17,169.43,2.0
2025-01-06,4.0,62.0,42.0,20.0,4.24,False,18,169.6,2.0
2025-01-13,1.0,13.0,10.0,6.0,4.1,True,0,,1.0
2025-01-20,4.0,64.0,43.0,32.0,3.86,False,1,170.15,3.0
2025-01-27,3.0,47.0,32.0,29.0,3.97,False,2,169.7,2.0
2025-02-03,5.0,61.0,39.0,27.0,4.18,False,3,168.09,3.0
2025-02-10,6.0,55.0,29.0,16.0,4.72,False,4,170.17,3.0
2025-02-17,4.0,37.0,18.0,4.0,6.78,False,5,171.47,1.0
2025-02-24,5.0,52.0,25.0,11.0,5.96,False,6,173.77,2.0
2025-03-03,3.0,31.0,14.0,6.0,4.71,False,7,173.4,2.0
2025-03-10,4.0,38.0,17.0,6.0,5.35,False,8,174.74,2.0
2025-03-17,5.0,33.0,16.0,4.0,4.5,False,9,173.47,2.0
2025-03-24,4.0,43.0,22.0,4.0,6.59,False,10,174.04,2.0
2025-03-31,1.0,8.0,3.0,2.0,8.33,True,0,174.2,1.0
2025-04-07,6.0,48.0,14.0,6.0,6.86,False,1,173.64,1.0
2025-04-14,6.0,39.0,15.0,5.0,6.07,False,2,174.6,1.0
2025-04-21,5.0,35.0,17.0,4.0,4.06,False,3,176.29,2.0
2025-04-28,4.0,19.0,4.0,1.0,8.25,True,0,175.93,2.0
2025-05-05,6.0,51.0,20.0,5.0,6.65,False,1,179.11,3.0
2025-05-12,4.0,29.0,11.0,6.0,6.27,False,2,180.33,3.0
2025-05-19,4.0,37.0,10.0,4.0,12.2,False,3,181.4,2.0
2025-05-26,4.0,35.0,9.0,4.0,10.89,False,4,183.0,2.0
2025-06-02,4.0,52.0,20.0,5.0,5.65,False,5,183.89,3.0
2025-06-09,4.0,48.0,14.0,4.0,10.29,False,6,185.14,4.0
2025-06-16,4.0,52.0,18.0,4.0,8.22,False,7,186.48,2.0
2025-06-23,1.0,11.0,0.0,0.0,,True,0,183.73,0.0
2025-06-30,4.0,43.0,16.0,2.0,7.5,False,1,183.06,2.0
2025-07-07,4.0,54.0,15.0,0.0,4.2,False,2,182.84,2.0
2025-07-14,4.0,52.0,9.0,0.0,5.67,False,3,181.8,2.0
2025-07-21,5.0,39.0,1.0,0.0,7.0,True,0,182.9,2.0
2025-07-28,5.0,49.0,8.0,3.0,8.5,False,1,182.69,2.0
2025-08-04,4.0,52.0,10.0,3.0,6.3,False,2,182.6,1.0
2025-08-11,5.0,42.0,13.0,5.0,5.46,False,3,182.74,2.0
2025-08-18,4.0,34.0,2.0,1.0,6.0,True,0,182.63,2.0
2025-08-25,4.0,50.0,11.0,5.0,7.45,False,1,182.26,2.0
2025-09-01,3.0,37.0,8.0,2.0,7.12,False,2,182.28,2.0
2025-09-08,3.0,37.0,2.0,1.0,6.0,True,0,179.4,0.0
2025-09-15,4.0,50.0,10.0,5.0,7.2,False,1,181.84,2.0
2025-09-22,6.0,59.0,16.0,7.0,3.19,False,2,182.2,3.0
2025-09-29,2.0,15.0,5.0,3.0,2.6,False,3,182.73,1.0
2025-10-06,3.0,35.0,3.0,2.0,7.0,True,0,182.2,2.0
2025-10-13,4.0,47.0,12.0,5.0,5.92,False,1,183.27,2.0
2025-10-20,4.0,52.0,15.0,7.0,4.07,False,2,181.14,2.0
2025-10-27,3.0,29.0,9.0,1.0,4.11,False,3,180.43,2.0
2025-11-03,5.0,52.0,10.0,2.0,5.5,False,4,180.34,3.0
2025-11-10,3.0,28.0,7.0,2.0,5.29,False,5,178.74,2.0
2025-11-17,3.0,29.0,7.0,4.0,4.86,False,6,178.06,2.0
2025-11-24,2.0,33.0,3.0,1.0,5.0,True,0,177.5,1.0
2025-12-01,4.0,47.0,14.0,4.0,4.14,False,1,177.37,2.0
2025-12-08,3.0,27.0,6.0,3.0,5.33,False,2,177.83,3.0
2025-12-15,4.0,37.0,11.0,3.0,5.36,False,3,178.09,2.0
2025-12-22,3.0,28.0,7.0,2.0,4.29,False,4,178.07,2.0
2025-12-29,2.0,24.0,3.0,0.0,8.33,True,0,177.25,1.0
2026-01-05,4.0,43.0,8.0,1.0,5.25,False,1,176.17,2.0
2026-01-12,4.0,36.0,9.0,2.0,4.67,False,2,176.06,1.0
2026-01-19,4.0,34.0,6.0,2.0,5.83,False,3,175.97,2.0
2026-01-26,3.0,26.0,4.0,1.0,5.25,False,4,176.77,1.0
2026-02-02,2.0,22.0,7.0,3.0,3.14,False,5,175.34,1.0
2026-02-09,3.0,31.0,15.0,4.0,2.93,False,6,173.24,2.0
2026-02-16,3.0,32.0,17.0,8.0,3.06,False,7,173.68,1.0
2026-02-23,4.0,40.0,21.0,10.0,3.24,False,8,173.92,2.0
2026-03-02,3.0,24.0,12.0,5.0,2.75,False,9,174.16,2.0
2026-03-09,3.0,33.0,17.0,8.0,2.76,False,10,174.29,3.0
2026-03-16,4.0,43.0,23.0,13.0,3.17,False,11,174.75,2.0
2026-03-23,3.0,26.0,14.0,8.0,2.5,False,12,173.48,2.0
2026-03-30,3.0,32.0,11.0,3.0,3.09,False,13,174.53,1.0
2026-04-06,3.0,22.0,14.0,5.0,2.21,False,14,175.56,3.0
2026-04-13,3.0,28.0,14.0,5.0,2.43,False,15,175.5,1.0
2026-04-20,3.0,30.0,16.0,3.0,3.69,False,16,174.7,1.0
2026-04-27,3.0,19.0,3.0,0.0,3.67,True,0,173.17,1.0
2026-05-04,3.0,23.0,11.0,3.0,2.91,False,1,175.03,1.0
2026-05-11,3.0,31.0,17.0,3.0,2.94,False,2,174.94,1.0
2026-05-18,4.0,43.0,18.0,4.0,3.11,False,3,175.43,2.0
2026-05-25,2.0,13.0,5.0,1.0,2.2,False,4,173.63,1.0
2026-06-01,3.0,32.0,15.0,4.0,2.53,False,5,172.71,2.0
2026-06-08,4.0,47.0,20.0,7.0,2.45,False,6,170.91,1.0
2026-06-15,3.0,22.0,10.0,2.0,2.6,False,7,171.1,2.0
2026-06-22,3.0,24.0,12.0,4.0,2.17,False,8,170.06,3.0
2026-06-29,3.0,31.0,14.0,4.0,2.79,False,9,168.94,2.0
2026-07-06,4.0,31.0,15.0,1.0,2.47,False,10,168.07,3.0
2026-07-13,4.0,33.0,13.0,3.0,2.69,False,11,168.3,3.0
2026-07-20,3.0,25.0,13.0,3.0,2.69,False,12,168.78,2.0
2026-07-27,4.0,23.0,3.0,0.0,3.0,True,0,168.03,2.0
2026-08-03,4.0,29.0,14.0,2.0,2.93,False,1,167.54,2.0
2026-08-10,3.0,30.0,14.0,3.0,2.57,False,2,167.07,2.0
2026-08-17,4.0,29.0,14.0,3.0,2.64,False,3,165.5,2.0
2026-08-24,4.0,31.0,14.0,4.0,2.21,False,4,164.8,2.0
2026-08-31,1.0,13.0,3.0,0.0,3.0,True,0,164.32,1.0
2026-09-07,3.0,29.0,14.0,1.0,3.43,False,1,162.7,3.0
2026-09-14,3.0,28.0,13.0,3.0,2.38,False,2,162.42,1.0
